{
  "project_info": {
    "project_number": "760534146667",
    "firebase_url": "https://ejobaba-4c2f2.firebaseio.com",
    "project_id": "ejobaba-4c2f2",
    "storage_bucket": "ejobaba-4c2f2.appspot.com"
  },
  "client": [
    {
      "client_info": {
        "mobilesdk_app_id": "1:760534146667:android:8e7909beb17e0f27dc5b2e",
        "android_client_info": {
          "package_name": "com.example.ermac"
        }
      },
      "oauth_client": [
        {
          "client_id": "760534146667-904hvgu1cq18euofkc0cg17op7c5fine.apps.googleusercontent.com",
          "client_type": 3
        }
      ],
      "api_key": [
        {
          "current_key": "AIzaSyD0U4kF1AcOgAattQzsMVIEpfXH0_hm5lo"
        }
      ],
      "services": {
        "appinvite_service": {
          "other_platform_oauth_client": [
            {
              "client_id": "760534146667-904hvgu1cq18euofkc0cg17op7c5fine.apps.googleusercontent.com",
              "client_type": 3
            }
          ]
        }
      }
    }
  ],
  "configuration_version": "1"
}